{"cameraMode":{"drawMode":0,"name":"Shaded","section":"Shading Mode"},"sceneLighting":false,"audioPlay":false,"sceneViewState":{"showFog":true,"showMaterialUpdate":false,"showSkybox":false,"showFlares":true,"showImageEffects":true,"showParticleSystems":true},"in2DMode":false,"pivot":{"x":-0.08586280792951584,"y":0.6091289520263672,"z":0.2625247836112976},"rotation":{"x":0.05520990490913391,"y":0.6190242171287537,"z":-0.04376726597547531,"w":0.7824167013168335},"size":0.9735758900642395,"orthographic":false}