{"cameraMode":{"drawMode":0,"name":"Shaded","section":"Shading Mode"},"sceneLighting":true,"audioPlay":false,"sceneViewState":{"showFog":true,"showMaterialUpdate":false,"showSkybox":false,"showFlares":true,"showImageEffects":true,"showParticleSystems":true},"in2DMode":false,"pivot":{"x":0.0000019073486328125,"y":0.0,"z":-0.00000286102294921875},"rotation":{"x":0.08718223124742508,"y":-0.013448639772832394,"z":0.0011730084661394358,"w":0.9961070418357849},"size":11.398125648498536,"orthographic":true}