{"cameraMode":{"drawMode":0,"name":"Shaded","section":"Shading Mode"},"sceneLighting":false,"audioPlay":false,"sceneViewState":{"showFog":true,"showMaterialUpdate":false,"showSkybox":false,"showFlares":true,"showImageEffects":true,"showParticleSystems":true},"in2DMode":false,"pivot":{"x":-0.09788811951875687,"y":1.4754266738891602,"z":0.3923521935939789},"rotation":{"x":0.06680642068386078,"y":0.38436394929885867,"z":-0.02752586267888546,"w":0.9206078052520752},"size":0.13849420845508576,"orthographic":false}