{"cameraMode":{"drawMode":0,"name":"Shaded","section":"Shading Mode"},"sceneLighting":false,"audioPlay":false,"sceneViewState":{"showFog":true,"showMaterialUpdate":false,"showSkybox":false,"showFlares":true,"showImageEffects":true,"showParticleSystems":true},"in2DMode":false,"pivot":{"x":-0.0005499981343746185,"y":-0.10476715862751007,"z":-0.14635521173477174},"rotation":{"x":-0.03264418616890907,"y":-0.7820891737937927,"z":0.04108678549528122,"w":-0.6209983229637146},"size":0.15864647924900056,"orthographic":true}